buy,sell
29.14285714,68
24.63768116,61.02564103
20,53.68421053
17.62962963,45.94594595
15.2238806,37.77777778
12.78195489,33.52112676
